alpha,beta,gamma,mAP@20,NDCG@20
1.0,1.0,0.5,0.6300651034165354,0.6610562193125858
0.5,0.5,0.5,0.6300651034165354,0.6610562193125858
1.0,0.5,0.0,0.6377862037128679,0.6580357199037029
