alpha,beta,gamma,mAP@20,NDCG@20
1.0,1.0,0.5,0.6083743754353661,0.6372148335260498
0.5,0.5,0.5,0.571821498921615,0.6355911625187656
1.0,0.5,0.0,0.6650044530332069,0.7003982040318469
